source_path,target_markdown_path,category,slug,legacy_id
about me/resume.md,notes/技术技能/index.md,notes,技术技能,9121a6be89f475b16ae9487630556f78
about me/保密协议.md,notes/保密协议/index.md,notes,保密协议,bc899188667323a9ca9deb1806a4f583
about me/刘宁_php.md,notes/刘宁_php/index.md,notes,刘宁_php,79220bb8d5fb1becad512eb4a4eecdb7
about me/年薪百万的程序员简历.md,notes/年薪百万的程序员简历/index.md,notes,年薪百万的程序员简历,6588e52732588ff72ea293f5a5f174bb
architecture/docker部署.md,architecture/docker-f6c64a3c/index.md,architecture,docker-f6c64a3c,e2706dbe8239afaf55c712953787ff6d
architecture/etcd.md,architecture/etcd/index.md,architecture,etcd,6f00aa952417687402189470bf903fc2
architecture/kong基础.md,architecture/kong-31cbbe50/index.md,architecture,kong-31cbbe50,5f45160a985e35e68b541c05511ac24e
architecture/kong进阶.md,architecture/kong-82610a6a/index.md,architecture,kong-82610a6a,3470211b0bb1e38bd63d0794582cafd0
architecture/opentracing.md,architecture/zipkin-vs-jaeger/index.md,architecture,zipkin-vs-jaeger,d95b4536b417981318b934381b0a5f18
architecture/微服务.md,architecture/微服务/index.md,architecture,微服务,5b238d31939cfcf0eab358a07376c453
architecture/服务化拆分带来的问题.md,architecture/服务化拆分带来的问题/index.md,architecture,服务化拆分带来的问题,83100f5da5008725c9e3d3501906ac10
architecture/高并发.md,architecture/架构分层/index.md,architecture,架构分层,1b05557f8a8aa8fe00af41c130e8f9df
architecture/高并发：分布式.md,architecture/微服务-3d5ab8d0/index.md,architecture,微服务-3d5ab8d0,37dbc01b7b4508a86e356f55e4039f4d
architecture/高并发：数据库扩展.md,architecture/数据库连接池/index.md,architecture,数据库连接池,72e467faf1a60c0be25121974600f613
architecture/高并发：缓存.md,architecture/缓存/index.md,architecture,缓存,29a9d8d85c2f2334957fddd78c011d8b
docker/常用命令.md,devops/常用命令-待删除/index.md,devops,常用命令-待删除,6849ee92babe54a8049533124b214351
elasticsearch/logstash.md,database/logstash/index.md,database,logstash,ecb35c8d28a4c77674c348fb89934f79
elasticsearch/mapping.md,database/基础字段类型/index.md,database,基础字段类型,71b5073a06d5cd87be26093d980eb130
elasticsearch/media.md,database/亲爱的新年好/index.md,database,亲爱的新年好,6ec32c487374cf64c4c9a82aef29a802
elasticsearch/template.md,database/template/index.md,database,template,b604fab869e3e641ae9ca124016d41c6
elasticsearch/term.md,database/term-待删除/index.md,database,term-待删除,93559c90b0a4fe70ed2ab35876b765dd
elasticsearch/中分分词.md,database/中分分词/index.md,database,中分分词,ba5d87d5f0f05c1d964dfa3768124947
elasticsearch/分布式.md,database/分布式-待删除/index.md,database,分布式-待删除,9f953bbd9c54c40f78c4fec1f31bca7a
elasticsearch/安装运行.md,database/elasticsearch-安装/index.md,database,elasticsearch-安装,5e47af2374e9bd0846d11ac45310e1c9
elasticsearch/搜索.md,database/搜索/index.md,database,搜索,aee8a5708bc41655d803b84fd2db1104
elasticsearch/集群.md,database/集群名称-节点集群名称必须一样/index.md,database,集群名称-节点集群名称必须一样,5380f86922830b704ee061fe23470410
git/githooks.md,pdf/githooks-自动化部署/index.md,pdf,githooks-自动化部署,db3ec05f4f796bf16c0cab7771adefdf
git/github加速.md,pdf/github加速/index.md,pdf,github加速,95ae02d55a3a74520b7f89a14fc62285
git/git升级.md,pdf/升级/index.md,pdf,升级,27c971ecbdd4910e0d461f5d22bbca28
git/git解除github文件最大50M限制.md,pdf/解除/index.md,pdf,解除,50b874e9679b6ce9afbc0e51758dde3a
git/git配置.md,pdf/git配置/index.md,pdf,git配置,3e9b29182d20679a3276e20e1d8bd503
git/常用命令.md,pdf/git-查看历史-待删除/index.md,pdf,git-查看历史-待删除,49d1cda87efd18aab8fefd1685c5b787
golang/20200505-golang面试整理.md,backend/20200505-golang面试整理/index.md,backend,20200505-golang面试整理,e2af9c0b191037a8cb9b354226da3242
golang/GC.md,backend/GC/index.md,backend,GC,6fd30a258f8cb6161f2aa267749d370f
golang/benchmarks.md,backend/benchmarks/index.md,backend,benchmarks,ab0d5598c22f1f6fa95f240ab48a2900
golang/channel.md,backend/channel/index.md,backend,channel,3afebf8f93d1fc17088fc5c6b5d3b134
golang/consumer内存泄漏.md,backend/consumer-dd8b3a1d/index.md,backend,consumer-dd8b3a1d,d4163044575e9e64bfe09810e1d8ee7b
golang/db连接池.md,backend/db-8bbd763e/index.md,backend,db-8bbd763e,910e0768a2ca1f25c62183d42d5bcb97
golang/delve远程调试.md,backend/delve远程调试/index.md,backend,delve远程调试,5986054a941dabeac7203699f40feba6
golang/git-commit组件cookie跨域自我的反思.md,backend/架构说的高大上一点/index.md,backend,架构说的高大上一点,561fab2a070aeb6a5da6d4738c06cf94
golang/go-struct-excel.md,backend/go-struct-excel/index.md,backend,go-struct-excel,82099482cde78ecc57c3cb2bedb08b43
golang/go_build.md,backend/go-build/index.md,backend,go-build,abf01fee41502cf99a01a7fed4c9b772
golang/go_map_key.md,backend/go_map_key/index.md,backend,go_map_key,356289ac90af6239d3e8f7a2e152d7f1
golang/goroutine和系统线程.md,backend/goroutine-ada93042/index.md,backend,goroutine-ada93042,f980608faef4ef1394205d25a503a506
golang/go爬虫.md,backend/go-70ed24d3/index.md,backend,go-70ed24d3,937ec0c51eef43ae60709d5161ea575e
golang/go调度器.md,backend/go-bafe57e3/index.md,backend,go-bafe57e3,fd4ed9a8ec518d6d5b336ddaa5628321
golang/go面试题-闭包函数与标准输出阻塞.md,backend/go面试题-闭包函数与标准输出阻塞/index.md,backend,go面试题-闭包函数与标准输出阻塞,ffd30d5c23ecaa3deeb1185380953b91
golang/grpc-protobuf.md,backend/grpc-protobuf/index.md,backend,grpc-protobuf,8a6782198d7f2321f23918994f54af7f
golang/grpc入门.md,backend/grpc-4754ad19/index.md,backend,grpc-4754ad19,62e77c282ecdb0d1575709ca38eac00d
golang/grpc进阶.md,backend/grpc-bcdd0f04/index.md,backend,grpc-bcdd0f04,f3ddc241e4c5157c7ddae0e737ad62f7
golang/http-proxy.md,backend/http-proxy/index.md,backend,http-proxy,506313239524343cafa5b4ad87594c3e
golang/httprouter_trie.md,backend/httprouter特性/index.md,backend,httprouter特性,4e5e2d25f0310dc7fd636803d10da67a
golang/interface.md,backend/interface/index.md,backend,interface,9d62c23239b2b564fb0a98cf63914fa6
golang/json解析技巧.md,backend/json-bddf671f/index.md,backend,json-bddf671f,5011355a1b9f152f258822f8c6e741db
golang/map.md,backend/数据结构/index.md,backend,数据结构,c7d7dc4a8b5affbe2a80045503013a8f
golang/p2p.md,backend/p2p/index.md,backend,p2p,41af396997618ec6054c82cfbc035c68
golang/pprof.md,backend/pprof/index.md,backend,pprof,07cbc936f1612e4b7685e63cbf6a7a30
golang/prometheus.md,backend/prometheus/index.md,backend,prometheus,01a04fd2f5a19854d1d2269b531c6e14
golang/prometheus性能监控.md,backend/prometheus-39763609/index.md,backend,prometheus-39763609,56f06d33dc4653acd9d59b4efca372c3
golang/protobuf.md,backend/protobuf/index.md,backend,protobuf,c3b714305d7bb2295e3ad6a93a81d148
golang/reflect.md,backend/reflect/index.md,backend,reflect,7e994e73869ffcab587f9c4ee280a3c3
golang/rsync.md,backend/rsync/index.md,backend,rsync,336091f230ba97d92af90f63e5199374
golang/select.md,backend/mind-map/index.md,backend,mind-map,711b41eebb40225453f33eedd3eb2daf
golang/sitemap.md,backend/gositemap/index.md,backend,gositemap,73a46261d44a792e9c5e6115e8e1a41f
golang/time.md,backend/time/index.md,backend,time,2969a9a7dca7fee897919348b6c014b1
golang/time坑.md,backend/time坑/index.md,backend,time坑,38668d284cb89f7f4240e8c2a89ab4a2
golang/websocket.md,backend/websocket/index.md,backend,websocket,a3dc56b5d36939bd00c46decb9520951
golang/websocket在线人数.md,backend/websocket-a40bd01b/index.md,backend,websocket-a40bd01b,d28baef64b8f81aec7bd209b67c59596
golang/内存分配.md,backend/基础知识/index.md,backend,基础知识,a8170325f91069796695532104e8c30f
golang/内存分配源码分析.md,backend/内存分配源码分析/index.md,backend,内存分配源码分析,a4e2c9ae959ebf327489de635666af43
golang/函数方法接口.md,backend/go语言程序的初始化/index.md,backend,go语言程序的初始化,9b8f060282eb92caa23c3227ae24dfff
golang/多项目管理.md,backend/gopath路径设置/index.md,backend,gopath路径设置,91b38f2f98c77a6f58ce99b2abd241dc
golang/字符串拼接之stringsBuilder.md,backend/1m字符串拼接-待删除/index.md,backend,1m字符串拼接-待删除,7fb3594662e177ce2e929438ce8fcd23
golang/数组拼接为字符串.md,backend/go-拼接数组为字符串的几种方式/index.md,backend,go-拼接数组为字符串的几种方式,f685120cbf69dcea51811a631020e535
golang/类型.md,backend/如何区分变量是数组还是切片/index.md,backend,如何区分变量是数组还是切片,eb9656c05ef5b8224206044077b59807
golang/设计模式.md,backend/设计模式/index.md,backend,设计模式,3d0120ff06575765b47705dbaa3e1032
golang/通用简写表.md,backend/通用简写表/index.md,backend,通用简写表,515aff618aadd7dc8ecac2a27719b5e5
golang/限流.md,backend/time-rate-原理/index.md,backend,time-rate-原理,1996c04eb313eccf7f8a07dfc49b8f8e
https/SSL|TLS协议.md,devops/基本运行过程/index.md,devops,基本运行过程,49ca0cc58251566e63c401981be0b663
https/http2.md,devops/二进制传输/index.md,devops,二进制传输,0700e77e7df64f0b0cc48486c2c1873e
https/letsencrypt.md,devops/certbot/index.md,devops,certbot,bc185f8ca277d3fe13295d6a1c1c8714
ide/phpstorm.md,pdf/phpstorm-待删除/index.md,pdf,phpstorm-待删除,e4356ec7c67a02020070b49eeca62df2
ide/vscode生成自定头部注释.md,pdf/vscode生成自定头部注释/index.md,pdf,vscode生成自定头部注释,0adfd91209e17697b69fe14ee29ef414
kafka/kafka-broker.md,architecture/kafka-broker/index.md,architecture,kafka-broker,4036a572e29e7901d53c8d5bd1368b23
kafka/kafka-consumer.md,architecture/kafka-consumer/index.md,architecture,kafka-consumer,3011a26e8e400cc135b89e19a74235fc
kafka/kafka-producer.md,architecture/kafka-producer/index.md,architecture,kafka-producer,0039eb34d77d630a9393139f71fed54b
kafka/kafka-rebalance.md,architecture/kafka-rebalance/index.md,architecture,kafka-rebalance,c460b5cc0164b867b4a2848344257f29
kafka/kafka.md,architecture/kafka/index.md,architecture,kafka,82343852ad63f5137e8ee399aa05a5f7
kafka/kafka多线程消费.md,architecture/kafka-6ae99167/index.md,architecture,kafka-6ae99167,da43f22e888782a0807ed42a0a83677c
kafka/kafka持久化.md,architecture/kafka-3b05340f/index.md,architecture,kafka-3b05340f,13c2d2a2bfc84952de9b33adfd186355
kafka/kafka监控.md,architecture/kafka-eabd874e/index.md,architecture,kafka-eabd874e,10fa30fb53b99ff2acdd7c84991fbec2
kafka/kafka面试题目整理.md,architecture/kafka-8c0f5315/index.md,architecture,kafka-8c0f5315,c03da51fd70f193103a5bd19f42a83d2
kong/日志收集.md,architecture/日志收集/index.md,architecture,日志收集,6cce2a3a61300db115fafa3841f3d28d
kong/重定向.md,architecture/重定向/index.md,architecture,重定向,e533488c0b3c794acff107bc1d1dd871
linux/aapt安装.md,devops/apktool安装/index.md,devops,apktool安装,b26cec1b7479e8008aa9c3da6ebad1bc
linux/centos7安装apktool.md,devops/centos7安装apktool-待删除/index.md,devops,centos7安装apktool-待删除,afbbb29112bf76c1887e22dc529f5cc5
linux/centos使用ss代理.md,devops/shadowsocks/index.md,devops,shadowsocks,45f0f4c914d334f6a242095754afcaa1
linux/epoll.md,devops/epoll/index.md,devops,epoll,fca55d90c9642938104b4e363c93763c
linux/frp内网穿透.md,devops/frp内网穿透/index.md,devops,frp内网穿透,616b091b4ca30fb828e2aef65176dbd2
linux/gdb.md,devops/gdb-调试工具/index.md,devops,gdb-调试工具,d22002b2b284ef4a2613429f154dbe49
linux/ghostscript安装.md,devops/ghostscript安装-待删除/index.md,devops,ghostscript安装-待删除,eed0607f1ea26f4f145063010748a5ce
linux/iostat.md,devops/iostat/index.md,devops,iostat,11a1575fd553f8e69b846aea8248d146
linux/libwebp.md,devops/libwebp/index.md,devops,libwebp,61d229b729a97a4f6eff0eec87715b83
linux/linux-wifi.md,devops/linux-设置使用wifi/index.md,devops,linux-设置使用wifi,157396dc0268dae9bd9c1dd975b748e6
linux/linux内核参数优化.md,devops/linux内核参数优化/index.md,devops,linux内核参数优化,e924111c52af0730fa18d46746740bb1
linux/linux常用命令.md,devops/linux常用命令/index.md,devops,linux常用命令,72d0140053756983569b502bbcc35a57
linux/lnmp.md,devops/yum-list-installed-grep-mysql/index.md,devops,yum-list-installed-grep-mysql,f8ea2d5e3c7321c8e6dafe9bb92d5dd3
linux/makefile.md,devops/依赖关系/index.md,devops,依赖关系,ed379e9b5c9c4c1df408518334335647
linux/nginx/nginx|haproxy_负载均衡.md,devops/HAProxy/index.md,devops,HAProxy,412a52abac6f3c72c45f7ddedc2fa798
linux/nginx/nginx反向代理_负载均衡.md,devops/nginx反向代理的特点/index.md,devops,nginx反向代理的特点,98ba2b95281ffc065e5ad45086199308
linux/nginx/nginx日志.md,devops/log_format-配置-nginx-conf-nginx.conf/index.md,devops,log_format-配置-nginx-conf-nginx.conf,0787a23b5ef4cfd0a7be1f531c53ea21
linux/nginx/nginx添加新模块.md,devops/nginx添加新模块-待删除/index.md,devops,nginx添加新模块-待删除,553b268283f05cb49321640fd83fc3c4
linux/nginx/nginx视频直播.md,devops/nginx视频直播-待删除/index.md,devops,nginx视频直播-待删除,c9dad5291967869fce850f3f4c921208
linux/nginx/nginx跨域.md,devops/nginx跨域/index.md,devops,nginx跨域,5f041ad77e342c747db187115cae365d
linux/nginx/nginx配置说明.md,devops/调试进程和定位问题的配置项/index.md,devops,调试进程和定位问题的配置项,4c2efef562f5ece265d444ac987568ce
linux/nginx/nginx防盗链.md,devops/nginx图片防盗链/index.md,devops,nginx图片防盗链,256e3ac3a90cdf6291702057fa32d484
linux/nginx/nginx限流.md,devops/限制单一IP地址的请求的处理速率/index.md,devops,限制单一IP地址的请求的处理速率,97e254e5c2296488298b74c8901f90c9
linux/pdf2docx.md,devops/pdf2docx/index.md,devops,pdf2docx,3dd19a7df0b576325f4ca3da0d2d87b0
linux/rsync同步文件.md,devops/rsync同步文件/index.md,devops,rsync同步文件,e5ac577a9d11676990ef0f62772af541
linux/select-poll-epoll.md,devops/select-poll-epoll/index.md,devops,select-poll-epoll,025597306b34ddfc50ca5e8d77a2968d
linux/setsid进程组_会话_守护进程.md,devops/守护进程/index.md,devops,守护进程,d62e2f26625c6bc25422a05aa9d6d78d
linux/shell/linux统计命令.md,devops/linux统计命令/index.md,devops,linux统计命令,e63cf596827589a7330aa9cc46597961
linux/shell/切换网络.md,devops/重启网络/index.md,devops,重启网络,49cde3e485d1212859d684c86333f70f
linux/shell/删除日志.md,devops/删除日志/index.md,devops,删除日志,11f6ee0d1e086870ecaf28569c46da3f
linux/spawn ENOMEM.md,devops/定位swap分区未配置/index.md,devops,定位swap分区未配置,8df08edc7fa2c54cf2cddb889e9cbcc9
linux/ssh/ssh-config.md,devops/别名/index.md,devops,别名,f8b9036d54b15de84ecd1faa6a33077c
linux/ssh/ssh端口映射.md,devops/这里解释一下-阿里云RDS不允许外网访问-但是允许内网访问-那就可以走内网网关-127.0.0.1是不生效的-通过-dev@121.40.160.207-代理-这里是避/index.md,devops,这里解释一下-阿里云RDS不允许外网访问-但是允许内网访问-那就可以走内网网关-127.0.0.1是不生效的-通过-dev@121.40.160.207-代理-这里是避,bc3b750e7311ad7ff61aa1049157da50
linux/strace.md,devops/strace/index.md,devops,strace,7109e41fccb9190faa5d897be3e3df76
linux/supervisor_安装_进程管理_配置_frp|spiderkeeper|jobs配置.md,devops/supervisor安装/index.md,devops,supervisor安装,ef4e65edebd19cb5f574d2c7484690cd
linux/sync_fsync_fdatasync.md,devops/fsync-fdatasync-同步内核的页缓存到磁盘/index.md,devops,fsync-fdatasync-同步内核的页缓存到磁盘,6db15910cac7885f6a97958db5ac631c
linux/tcp协议.md,devops/tcp协议/index.md,devops,tcp协议,37dd28072f9168ecac68368560c10e8f
linux/termux/termux_扩展键.md,devops/配置termux扩展键-待删除/index.md,devops,配置termux扩展键-待删除,73342cee22ce2e5b4024182a4657410b
linux/vagrant/issue.md,devops/vboxsf-is-not-available/index.md,devops,vboxsf-is-not-available,c9d810c99fab56a7505b27b5b148cf64
linux/vmstat.md,devops/vmstat/index.md,devops,vmstat,f46716e9f100c184924ca4680e032d84
linux/中文乱码.md,devops/解决centos中文乱码问题/index.md,devops,解决centos中文乱码问题,fe191fddeef941a6e4f3422d3574cf34
linux/内存.md,devops/Linux-内存过高解决思路/index.md,devops,Linux-内存过高解决思路,84c3d5627936ad039f2a9d3731364c30
linux/制作centos7系统盘.md,devops/电脑重装成centos系统/index.md,devops,电脑重装成centos系统,8f1f61c3106852952ac523cfc64989b4
linux/时区.md,devops/centos7-待删除/index.md,devops,centos7-待删除,dfcf7b5da9a38498dc19e7a3158d2e01
linux/翻墙.md,devops/翻墙/index.md,devops,翻墙,19887dabf009b1fe739a8f46abb934b6
linux/解压缩.md,devops/解压缩/index.md,devops,解压缩,46ed31865bc0a4c055c5ef3c38fcfd2d
linux/负载高.md,devops/CPU高的原因/index.md,devops,CPU高的原因,855ebe9c9812342d859e43290fe6f367
linux/负载高定位工具.md,devops/top系统正在执行的进程的相关信息/index.md,devops,top系统正在执行的进程的相关信息,6d863ca98fa6c4bd0daf7e8dacc10dc7
linux/进程&线程.md,devops/进程&线程/index.md,devops,进程&线程,5a7ef7259ac7f9a4ee91ad886a16e6ee
linux/页缓存.md,devops/页面缓存/index.md,devops,页面缓存,859d60b5b3c2d5216ae5382e4f5efec5
mac/aria2下载.md,devops/aria2下载/index.md,devops,aria2下载,2c6def76143bf443970be63849759c28
mac/launchctl.md,devops/加载任务-w选项会将plist文件中无效的key覆盖掉-建议加上/index.md,devops,加载任务-w选项会将plist文件中无效的key覆盖掉-建议加上,26aa7591362ee393cdd0e98ef849f727
mac/mac ssh中文乱码.md,devops/luti/index.md,devops,luti,16cd4fc311b631bebc49df92fc243cff
mac/missing_stdio.h.md,devops/mac-升级-导致-stdlib.h-和-stdio.h-not-found/index.md,devops,mac-升级-导致-stdlib.h-和-stdio.h-not-found,5eb1361add470e65cad554f0880462e9
mac/卡在开机进度条.md,devops/mac-卡在开机进度条/index.md,devops,mac-卡在开机进度条,0e11d80070e134fbb4d3b14a9be6883c
mysql/20191125充值事故报告.md,database/20191125充值事故报告/index.md,database,20191125充值事故报告,720f8d769533803ef0f01fae13718067
mysql/2020-04-21mysql面试总结.md,database/2020-04-21mysql-8e50676d/index.md,database,2020-04-21mysql-8e50676d,7d1930424c2f1bb9948c5c1231555445
mysql/B+树.md,database/平衡二叉树/index.md,database,平衡二叉树,72ab6fdd9b48ba48c7810e04613c4643
mysql/advance/innodb/compressed.md,database/mysql表压缩/index.md,database,mysql表压缩,12dec8746775f74d991179f804b2a847
mysql/advance/innodb/innodb-introduction.md,database/innodb-介绍/index.md,database,innodb-介绍,d2de81a574c5be0cb8ac1c6b6417e3ca
mysql/advance/innodb/innodb-kernel.md,database/innodb-内核/index.md,database,innodb-内核,12b218e15398008c350253cb14d06577
mysql/advance/innodb/innodb_multi_version.md,database/multi-version/index.md,database,multi-version,3edeea1be6fcbfa1bf3fb0312838b425
mysql/advance/innodb/mysql-tool.md,database/mysql-工具/index.md,database,mysql-工具,d0c4ca38863c5d947e67abda734f9f2d
mysql/advance/sql/取每个用户的前五条记录.md,database/取每个用户的前五条记录/index.md,database,取每个用户的前五条记录,315fd5dfc3c8a001fa41b93e16bbfcab
mysql/advance/sql/每个分组取几条记录.md,database/每位lv7级或高颜值用户发布的文章点赞最多的3篇文章/index.md,database,每位lv7级或高颜值用户发布的文章点赞最多的3篇文章,dd98eb8bff603fe6493566cdad69d9e7
mysql/advance/分库分表/README.md,database/mysql-如何命中缓存/index.md,database,mysql-如何命中缓存,70750149da7089a32c4e7de2c5062b97
mysql/advance/复制/README.md,database/mysql-如何命中缓存/index.md,database,mysql-如何命中缓存,70750149da7089a32c4e7de2c5062b97
mysql/advance/扩展策略/README.md,database/mysql-如何命中缓存/index.md,database,mysql-如何命中缓存,70750149da7089a32c4e7de2c5062b97
mysql/advance/缓存/README.md,database/mysql-如何命中缓存/index.md,database,mysql-如何命中缓存,70750149da7089a32c4e7de2c5062b97
mysql/advance/配置/basis.md,database/INNODB/index.md,database,INNODB,79a72aa62757ed1daee4660375bc0328
mysql/explain.md,database/select_type/index.md,database,select_type,1b245d48b907314854966fdc017c4ef1
mysql/innodb事务.md,database/innodb事务/index.md,database,innodb事务,0c2b8df6a1d21c9c4b631aef1e8cec87
mysql/innodb关键特性.md,database/插入缓冲/index.md,database,插入缓冲,1d96210c8f8f6d58a86f3937f116c68a
mysql/mysql不常用sql.md,database/mysql不常用sql/index.md,database,mysql不常用sql,2b54aebe3ca54af6f11f4fcce4993e43
mysql/mysql主从同步.md,database/mysql主从同步/index.md,database,mysql主从同步,cc72505cf7cbb0674253d8c7d39b3054
mysql/mysql基础架构.md,database/连接器/index.md,database,连接器,dda24f854ceeec4c76d6fe996ae2f50d
mysql/mysql存储过程.md,database/mysql存储过程/index.md,database,mysql存储过程,5f6a3012bdcdc0086322138df4fdfc5a
mysql/mysql常用函数、控制流.md,database/聚合函数/index.md,database,聚合函数,7874dcad49955895dfe56b6f8a49590a
mysql/mysql慢查询.md,database/条件字段函数操作/index.md,database,条件字段函数操作,4d24f0072d2d5087892f47585c48b445
mysql/mysql排序.md,database/全字段排序/index.md,database,全字段排序,cfdb8fc89216fd40db54bcf0f5694329
mysql/mysql无法登录问题.md,database/忘记密码/index.md,database,忘记密码,5837158700388a68ee4f531349c73863
mysql/mysql日志文件.md,database/错误日志/index.md,database,错误日志,006c03a0a4220b3dcac3705e2de7d999
mysql/mysql索引.md,database/mysql索引/index.md,database,mysql索引,8d780ba492044002a70a069ee1cff724
mysql/mysql脏页刷新.md,database/InnoDB刷脏页的控制策略/index.md,database,InnoDB刷脏页的控制策略,5e755806a99c003e691d8afb0177bd9a
mysql/mysql调优策略.md,database/磁盘io/index.md,database,磁盘io,bc71dc7990cd015fa1506f30a1a99cb5
mysql/mysql锁.md,database/全局锁/index.md,database,全局锁,98dffc82d2cc93505ee7c164770803b1
mysql/mysql面试题.md,database/存储引擎/index.md,database,存储引擎,37612c48f6bfbdeb02105f2b9811a46f
mysql/pt-online-schema-change.md,database/pt-online-schema-change/index.md,database,pt-online-schema-change,4bd0a9395373e8c3c6fe81d80772690b
mysql/sql.md,database/sql/index.md,database,sql,6123fac035f3655fe2ea9a1bb32bb75b
mysql/utf8mb4.md,database/对本地的mysql客户端的配置/index.md,database,对本地的mysql客户端的配置,cfd80f70513db9965998f5ca4a8e8410
mysql/分布式事务最终一致性.md,database/最终一致性/index.md,database,最终一致性,eaae76d1d47082071d9bd25d721cb814
mysql/权限管理.md,database/mysql用户账户管理/index.md,database,mysql用户账户管理,83db0afa5bae2cf936aea5a5d8ea408e
mysql/监控.md,database/监控/index.md,database,监控,2152b4b9b322ce0ea8c7ba7dd35d5bbd
openapi/helper_token.md,backend/helper-token/index.md,backend,helper-token,925f7d21bcd7bf204a31df60bed0633a
openapi/ip_location.md,backend/ip-location/index.md,backend,ip-location,21a6853c246afd95c0118a8cb2d15947
openapi/weather_api.md,backend/weather-api/index.md,backend,weather-api,4e38538690a41b95da5317afb51e4752
openapi/推广Ip地位.md,backend/ip-4fb23806/index.md,backend,ip-4fb23806,39b4a549d617becafc24e0f874f58a82
php/coding-standards/README.md,backend/php-coding-standards/index.md,backend,php-coding-standards,9ea1a0d693c659502c744c30c63939cd
php/composer/issue.md,backend/issue/index.md,backend,issue,37309b574c4a5b4aa72a1f4b472d826c
php/composer/自动加载.md,backend/composer-的-psr-4/index.md,backend,composer-的-psr-4,2987328ecc37042772c1fdb6931d3045
php/extension/README.md,backend/php-extension/index.md,backend,php-extension,9ea1a0d693c659502c744c30c63939cd
php/extension/intl/README.md,backend/extension-intl/index.md,backend,extension-intl,9ea1a0d693c659502c744c30c63939cd
php/extension/maxmind/README.md,backend/extension-maxmind/index.md,backend,extension-maxmind,9ea1a0d693c659502c744c30c63939cd
php/extension/xdebug/README.md,backend/extension-xdebug/index.md,backend,extension-xdebug,9ea1a0d693c659502c744c30c63939cd
php/extension/yar/yar.md,backend/yar/index.md,backend,yar,0e1730e716cbdf312b8acf8d3f9e2fe0
php/laravel/dyc-php/composer.md,backend/composer/index.md,backend,composer,1c5f1f16e7d3dafb8b5630e2f876e15a
php/laravel/larave5.4安装JWT.md,backend/larave5-4jwt-b3833887/index.md,backend,larave5-4jwt-b3833887,74fd5e5d21c09a2b79af728ebc8bc894
php/laravel/laravel部署到服务器.md,backend/laravel-7fa2d60b/index.md,backend,laravel-7fa2d60b,eff21e702e296e78722593cbe794e9e7
php/laravel/model模型.md,backend/model-d70186da/index.md,backend,model-d70186da,40f83c9b1419d5ba83c1114ea8322039
php/laravel/session.md,backend/session/index.md,backend,session,7c3462a526327ce4446563dc2f3f7df3
php/mac.md,backend/mac/index.md,backend,mac,f79dee5536647fce66ce88bc739d99a3
php/phpRedisAdmin.md,backend/phpredisadmin/index.md,backend,phpredisadmin,184f38a8d6cdab064a1fd4f5770895ce
php/phpmyadmin.md,backend/phpmyadmin/index.md,backend,phpmyadmin,3a5369c0d5a34c5228355628b4a3cc63
php/phpunit/编写测试.md,backend/编写测试/index.md,backend,编写测试,77ae302fcc8850b73b66766f8fa0ce3d
php/regex/经纬度.md,backend/经纬度/index.md,backend,经纬度,ceea52e903d22df99051d5e07ac0ef75
php/session/readme.md,backend/php-session/index.md,backend,php-session,cc35dc873cc5b6bee10ed95a88e12e54
php/vender/env-配置类库.md,backend/env-04c8ffdb/index.md,backend,env-04c8ffdb,45ad328006defadd958183607741ab06
php/vender/monolog.md,backend/monolog/index.md,backend,monolog,f5f5063595b5bfd16ea830acb416372c
php/vender/php爬虫.md,backend/php-2e2d86bd/index.md,backend,php-2e2d86bd,9604ca31c0570076e9ab616ea7f2855e
php/依赖注入&控制反转.md,backend/组建和服务/index.md,backend,组建和服务,4f6f0657a9d79e818eab063402616daa
php/编译安装.md,backend/安装php/index.md,backend,安装php,4bd58d70a512ebb9dcc5de7e34dd7cc7
prometheus/node_exporter.md,devops/node_exporter/index.md,devops,node_exporter,fc78ef20dd453270eefc86b0e53d2cee
prometheus/prometheus-go.md,devops/prometheus-go/index.md,devops,prometheus-go,a3e0269bd2ff3967271b366e607a8fa6
prometheus/prometheus指标类型.md,devops/prometheus指标类型/index.md,devops,prometheus指标类型,a1142b78a3bdc7e9ceecf18d0e4cfe9a
prometheus/prometheus环境搭建.md,devops/my-global-config/index.md,devops,my-global-config,22cd2528b27d564d124c7c752a040117
pyqt/mac签名公证.md,frontend/coding-utf-8/index.md,frontend,coding-utf-8,4b6183a4a68aa89e33a00d374c84c487
pyqt/qtablewidget.md,frontend/item-转为checkbox-样式受checkbox样式影响/index.md,frontend,item-转为checkbox-样式受checkbox样式影响,e21ee662c1d7119f6e44e559910a4014
pyqt/图片.md,frontend/图片/index.md,frontend,图片,b485646770c02d77ae5da9a28f300c0f
pyqt/安装.md,frontend/安装-待删除/index.md,frontend,安装-待删除,dd0578433992a89697b4a096cadad49a
pyqt/异步批量下载.md,frontend/批量下载视频文件-不影响GUI运行-GUI展示相应的进度/index.md,frontend,批量下载视频文件-不影响GUI运行-GUI展示相应的进度,4f5ee12c48b693e35349c7cfdb6bb576
python/Twisted.md,backend/国内镜像源/index.md,backend,国内镜像源,813b596b6dbf06871fe5234ca4a3c304
python/douban_api.md,backend/douban-api/index.md,backend,douban-api,e499bcf4e23fde1297f90e25a68ceb24
python/libtorrent.md,backend/libtorrent/index.md,backend,libtorrent,d63a2137b9983b7d74a441fa10eeaced
python/pyqt.md,backend/pyinstaller打包软件/index.md,backend,pyinstaller打包软件,7cd8b102e54300f07fe3a5203b2b969d
python/python_@装饰符.md,backend/python-242ac885/index.md,backend,python-242ac885,8763ce609fd706fe4c385a11890e9674
python/scrapy/scrapinghub.md,backend/scrapinghub/index.md,backend,scrapinghub,d6af8b3c539f94b9d00991483ebb7b2a
python/scrapy/scrapy-splash.md,backend/scrapy-splash/index.md,backend,scrapy-splash,4a7d79eee73805b4db80c6e691bb1b0f
python/scrapy/scrapyd.md,backend/scrapyd/index.md,backend,scrapyd,d95055ccb8584ab5cb323d844692d846
python/scrapy/spider.md,backend/scrapy-spider-爬虫/index.md,backend,scrapy-spider-爬虫,b9ded7117151164c0d0a3372691a6d47
python/selenium.md,backend/selenium/index.md,backend,selenium,e601b7a01c7d294d4414ec103fd7d30f
python/torrent/README.md,backend/磁力链转种子/index.md,backend,磁力链转种子,76ae6a29dfbf6d220785f28f9f176c6a
python/web.md,backend/web/index.md,backend,web,23bdf8cf2dc85b67b172132b4c53b0e5
python/编译安装.md,backend/编译安装/index.md,backend,编译安装,1f666727d3d9d72faa99dea4050df58c
react/react-ssr-adsense.md,frontend/react-ssr-adsense/index.md,frontend,react-ssr-adsense,20883227643364bc08924b717b10ad15
react/react_markdown渲染.md,frontend/语法高亮/index.md,frontend,语法高亮,6cab88a875830c9559889ba5a7617d6b
react/react发布npm包.md,frontend/npm-publish-react-component-react-hook-component/index.md,frontend,npm-publish-react-component-react-hook-component,8ac1417e443668a2ed208de7d3c13003
react/react可移动边框.md,frontend/左右布局/index.md,frontend,左右布局,0e7fc048a171a1e4dd58011dc28527ad
react/react天气组件-腾讯天气.md,frontend/react天气组件-腾讯天气/index.md,frontend,react天气组件-腾讯天气,61934127ecbb9c4ad395874ef6822c20
react/react服务端渲染cookie.md,frontend/服务端cookie透传/index.md,frontend,服务端cookie透传,761b5465f678de8a0e877b873ca80611
react/twitter分享.md,frontend/twitter分享-待删除/index.md,frontend,twitter分享-待删除,2b8a51f7c9a16067ea132351abaa6854
redis/20200427面试整理.md,database/20200427面试整理/index.md,database,20200427面试整理,f010dc462bce3d0009fbcaf3241ad7f0
redis/README.md,database/redis-待删除/index.md,database,redis-待删除,326f47415d49843f050ddc9143f71bd4
redis/list.md,database/redis链表节点/index.md,database,redis链表节点,5e65376c1fe913466351ae3d5fecd497
redis/redis延迟问题.md,database/redis延迟高问题解决思路/index.md,database,redis延迟高问题解决思路,fa616a92d6a1e576801fb1431ad1261b
redis/sds.md,database/sds/index.md,database,sds,62a6d422977980d872e373057715e8b1
redis/事件.md,database/事件/index.md,database,事件,43439a01f0d31aa59c1f2871bed8cb6b
redis/持久化.md,database/redis-持久化策略/index.md,database,redis-持久化策略,5648293989eae26654306ece0c62a6fe
redis/数据结构/intset.md,database/整数集合/index.md,database,整数集合,983f2576fc277d3c9be842b73eb6a84d
redis/数据结构/skiplist.md,database/多层链表索引/index.md,database,多层链表索引,9f6e45e63db3dded2f440f8d86b1643f
redis/数据结构/zmalloc.md,database/void-zmalloc(size_t-size)-分配内存/index.md,database,void-zmalloc(size_t-size)-分配内存,633178eefe299029b0a130ac57e8277d
tools/20230208网站总结.md,pdf/20230208网站总结-待删除/index.md,pdf,20230208网站总结-待删除,f9086a2432e36f011e7649c1a9e72f71
tools/2023年2月去水印成果.md,pdf/2023年2月去水印成果/index.md,pdf,2023年2月去水印成果,aaf601aab080a9d214e6d5ca54710462
tools/google-adsense.md,pdf/google-adsense/index.md,pdf,google-adsense,8c2336096a93b53bac2adfe17b924389
tools/mac提示已损坏无法打开.md,pdf/mac提示已损坏无法打开/index.md,pdf,mac提示已损坏无法打开,f2736b4c9d8b7002cf40e0374d7fbab3
tools/pdf删除文字使用介绍.md,pdf/pdf删除文字使用介绍/index.md,pdf,pdf删除文字使用介绍,48324d10cbb47cfbb089ad8f7bee74e9
tools/pdf加白边.md,pdf/pdf加白边/index.md,pdf,pdf加白边,fb4dc649e6371c680be9ede3db978878
tools/pdf去水印手册.md,pdf/pdf去水印手册/index.md,pdf,pdf去水印手册,9171f2ac03979f67288ec9468aac8576
tools/pdf工具箱使用教程.md,pdf/一、PDF去水印-专业版/index.md,pdf,一、PDF去水印-专业版,12451fe65a1bbeac6f0eed8f5225da17
tools/pdf工具箱批量加水印.md,pdf/pdf工具箱批量加水印/index.md,pdf,pdf工具箱批量加水印,317deafa7263b11c6e171fab2ce7627a
tools/seo优化.md,pdf/seo优化-待删除/index.md,pdf,seo优化-待删除,660042bef63dd9914ee4a6dd19126e2d
tools/tesseract安装.md,pdf/安装依赖/index.md,pdf,安装依赖,cdc92c8e3dae14af0ccaf2bd7098b759
tools/wpspdf编辑试用_去水印.md,pdf/wpspdf编辑试用_去水印/index.md,pdf,wpspdf编辑试用_去水印,03c4ce51b4903cbca4eac74ad13262ae
tools/yapi-环境变量.md,pdf/yapi-设置环境变量-如何修改全局变量/index.md,pdf,yapi-设置环境变量-如何修改全局变量,5b2a11a0d744fc272b031ddaa8fc674f
tools/图片文字识别为word.md,pdf/左上-右上-左下-右下-内容-可信度/index.md,pdf,左上-右上-左下-右下-内容-可信度,f019c2d5a60855b150c5e00fc479c3ec
tools/如何去除pdf去水印，一招就可以去掉 - 百家号.md,pdf/如何去除pdf去水印-一招就可以去掉-百家号/index.md,pdf,如何去除pdf去水印-一招就可以去掉-百家号,c37d565d8df5d9c0d82f2b419d9f9da2
tools/如何去除亿图图示pdf水印.md,pdf/如何去除亿图图示pdf水印/index.md,pdf,如何去除亿图图示pdf水印,f09fbd48701e081aee7df87a96688177
tools/如何去除扫描全能王水印.md,pdf/如何去除扫描全能王水印/index.md,pdf,如何去除扫描全能王水印,ac8730d07cb520177f875793817c3f23
tools/微信小程序开通VIP.md,pdf/微信小程序开通VIP-待删除/index.md,pdf,微信小程序开通VIP-待删除,bf832af5d5932c908cfd9a52bce85691
tools/批量修改PDF文字内容.md,pdf/批量修改PDF文字内容/index.md,pdf,批量修改PDF文字内容,6a94fc3a40aceb969c4d42c6fe82d284
tools/批量替换pdf文字内容.md,pdf/批量替换pdf文字内容/index.md,pdf,批量替换pdf文字内容,4c46a74ee6c76122f769976060ad4a6f
tools/抖音去水印视频下载.md,pdf/抖音去水印视频下载-待删除/index.md,pdf,抖音去水印视频下载-待删除,25e171798009c62c7672038539734953
tools/百家号pdf去除水印/PDF如何去除水印？三种方法教你如何去除PDF文件水印.md,pdf/PDF如何去除水印三种方法教你如何去除PDF文件水印/index.md,pdf,PDF如何去除水印三种方法教你如何去除PDF文件水印,0eb14052aad9080f4df2a32f2e4c072d
tools/百家号pdf去除水印/[2021] 从 PDF 中轻松去除水印的 5 大方法.md,pdf/2021-从-PDF-中轻松去除水印的-5-大方法/index.md,pdf,2021-从-PDF-中轻松去除水印的-5-大方法,908f4c04b0f97d7a22287162669c88f8
tools/百家号pdf去除水印/url.md,pdf/url-待删除/index.md,pdf,url-待删除,3d3b0adc8a8ef31e4927b2a00f2ef868
tools/百家号pdf去除水印/你绝没看如此详细的PDF去水印教程.md,pdf/你绝没看如此详细的PDF去水印教程/index.md,pdf,你绝没看如此详细的PDF去水印教程,68d7f6c24f2d9792c7c2cb74df55a38f
tools/百家号pdf去除水印/关键词.md,pdf/关键词-待删除/index.md,pdf,关键词-待删除,7878a668ee61f01e43d84356e16434a8
tools/网站登录方式变更.md,pdf/网站登录方式变更/index.md,pdf,网站登录方式变更,163caaea7ae467633f62f8571fd57058
引流/知乎.md,growth/知乎/index.md,growth,知乎,2c2e2070b94a12d775ccde733ff5fbd8
敬请周知/READEME.md,notes/敬请周知/index.md,notes,敬请周知,b6af84cee902c48c6da87b2eb3acd587
敬请周知/友情链接.md,notes/友情链接/index.md,notes,友情链接,a709f73d8505e0e701df70c0bedfc5de
