legacy_url,canonical_url
/article/006c03a0a4220b3dcac3705e2de7d999,/database/错误日志
/article/03c4ce51b4903cbca4eac74ad13262ae,/pdf/wpspdf编辑试用_去水印
/article/0adfd91209e17697b69fe14ee29ef414,/pdf/vscode生成自定头部注释
/article/0c2b8df6a1d21c9c4b631aef1e8cec87,/database/innodb事务
/article/0e11d80070e134fbb4d3b14a9be6883c,/devops/mac-卡在开机进度条
/article/0e7fc048a171a1e4dd58011dc28527ad,/frontend/左右布局
/article/0eb14052aad9080f4df2a32f2e4c072d,/pdf/PDF如何去除水印三种方法教你如何去除PDF文件水印
/article/11a1575fd553f8e69b846aea8248d146,/devops/iostat
/article/12451fe65a1bbeac6f0eed8f5225da17,/pdf/一、PDF去水印-专业版
/article/12b218e15398008c350253cb14d06577,/database/innodb-内核
/article/12dec8746775f74d991179f804b2a847,/database/mysql表压缩
/article/157396dc0268dae9bd9c1dd975b748e6,/devops/linux-设置使用wifi
/article/163caaea7ae467633f62f8571fd57058,/pdf/网站登录方式变更
/article/1996c04eb313eccf7f8a07dfc49b8f8e,/backend/time-rate-原理
/article/1d96210c8f8f6d58a86f3937f116c68a,/database/插入缓冲
/article/20883227643364bc08924b717b10ad15,/frontend/react-ssr-adsense
/article/256e3ac3a90cdf6291702057fa32d484,/devops/nginx图片防盗链
/article/25e171798009c62c7672038539734953,/pdf/抖音去水印视频下载-待删除
/article/27c971ecbdd4910e0d461f5d22bbca28,/pdf/升级
/article/2969a9a7dca7fee897919348b6c014b1,/backend/time
/article/2b54aebe3ca54af6f11f4fcce4993e43,/database/mysql不常用sql
/article/2b8a51f7c9a16067ea132351abaa6854,/frontend/twitter分享-待删除
/article/2c2e2070b94a12d775ccde733ff5fbd8,/growth/知乎
/article/317deafa7263b11c6e171fab2ce7627a,/pdf/pdf工具箱批量加水印
/article/326f47415d49843f050ddc9143f71bd4,/database/redis-待删除
/article/356289ac90af6239d3e8f7a2e152d7f1,/backend/go_map_key
/article/37dd28072f9168ecac68368560c10e8f,/devops/tcp协议
/article/38668d284cb89f7f4240e8c2a89ab4a2,/backend/time坑
/article/3afebf8f93d1fc17088fc5c6b5d3b134,/backend/channel
/article/3edeea1be6fcbfa1bf3fb0312838b425,/database/multi-version
/article/48324d10cbb47cfbb089ad8f7bee74e9,/pdf/pdf删除文字使用介绍
/article/49d1cda87efd18aab8fefd1685c5b787,/pdf/git-查看历史-待删除
/article/4b6183a4a68aa89e33a00d374c84c487,/frontend/coding-utf-8
/article/4bd0a9395373e8c3c6fe81d80772690b,/database/pt-online-schema-change
/article/4bd58d70a512ebb9dcc5de7e34dd7cc7,/backend/安装php
/article/4c2efef562f5ece265d444ac987568ce,/devops/调试进程和定位问题的配置项
/article/4c46a74ee6c76122f769976060ad4a6f,/pdf/批量替换pdf文字内容
/article/4e5e2d25f0310dc7fd636803d10da67a,/backend/httprouter特性
/article/4f5ee12c48b693e35349c7cfdb6bb576,/frontend/批量下载视频文件-不影响GUI运行-GUI展示相应的进度
/article/50b874e9679b6ce9afbc0e51758dde3a,/pdf/解除
/article/553b268283f05cb49321640fd83fc3c4,/devops/nginx添加新模块-待删除
/article/561fab2a070aeb6a5da6d4738c06cf94,/backend/架构说的高大上一点
/article/5648293989eae26654306ece0c62a6fe,/database/redis-持久化策略
/article/5837158700388a68ee4f531349c73863,/database/忘记密码
/article/5986054a941dabeac7203699f40feba6,/backend/delve远程调试
/article/5e47af2374e9bd0846d11ac45310e1c9,/database/elasticsearch-安装
/article/5e65376c1fe913466351ae3d5fecd497,/database/redis链表节点
/article/5e755806a99c003e691d8afb0177bd9a,/database/InnoDB刷脏页的控制策略
/article/5f041ad77e342c747db187115cae365d,/devops/nginx跨域
/article/5f6a3012bdcdc0086322138df4fdfc5a,/database/mysql存储过程
/article/616b091b4ca30fb828e2aef65176dbd2,/devops/frp内网穿透
/article/61934127ecbb9c4ad395874ef6822c20,/frontend/react天气组件-腾讯天气
/article/62a6d422977980d872e373057715e8b1,/database/sds
/article/68d7f6c24f2d9792c7c2cb74df55a38f,/pdf/你绝没看如此详细的PDF去水印教程
/article/6a94fc3a40aceb969c4d42c6fe82d284,/pdf/批量修改PDF文字内容
/article/6cab88a875830c9559889ba5a7617d6b,/frontend/语法高亮
/article/6d863ca98fa6c4bd0daf7e8dacc10dc7,/devops/top系统正在执行的进程的相关信息
/article/6db15910cac7885f6a97958db5ac631c,/devops/fsync-fdatasync-同步内核的页缓存到磁盘
/article/6fd30a258f8cb6161f2aa267749d370f,/backend/GC
/article/70750149da7089a32c4e7de2c5062b97,/database/mysql复制方式
/article/711b41eebb40225453f33eedd3eb2daf,/backend/mind-map
/article/71b5073a06d5cd87be26093d980eb130,/database/基础字段类型
/article/720f8d769533803ef0f01fae13718067,/database/20191125充值事故报告
/article/72ab6fdd9b48ba48c7810e04613c4643,/database/平衡二叉树
/article/73a46261d44a792e9c5e6115e8e1a41f,/backend/gositemap
/article/761b5465f678de8a0e877b873ca80611,/frontend/服务端cookie透传
/article/76ae6a29dfbf6d220785f28f9f176c6a,/backend/磁力链转种子
/article/7878a668ee61f01e43d84356e16434a8,/pdf/关键词-待删除
/article/79220bb8d5fb1becad512eb4a4eecdb7,/notes/刘宁_php
/article/7cd8b102e54300f07fe3a5203b2b969d,/backend/pyinstaller打包软件
/article/7fb3594662e177ce2e929438ce8fcd23,/backend/1m字符串拼接-待删除
/article/813b596b6dbf06871fe5234ca4a3c304,/backend/国内镜像源
/article/82099482cde78ecc57c3cb2bedb08b43,/backend/go-struct-excel
/article/83db0afa5bae2cf936aea5a5d8ea408e,/database/mysql用户账户管理
/article/84c3d5627936ad039f2a9d3731364c30,/devops/Linux-内存过高解决思路
/article/855ebe9c9812342d859e43290fe6f367,/devops/CPU高的原因
/article/8ac1417e443668a2ed208de7d3c13003,/frontend/npm-publish-react-component-react-hook-component
/article/8c2336096a93b53bac2adfe17b924389,/pdf/google-adsense
/article/8d780ba492044002a70a069ee1cff724,/database/mysql索引
/article/8f1f61c3106852952ac523cfc64989b4,/devops/电脑重装成centos系统
/article/908f4c04b0f97d7a22287162669c88f8,/pdf/2021-从-PDF-中轻松去除水印的-5-大方法
/article/9121a6be89f475b16ae9487630556f78,/notes/技术技能
/article/9171f2ac03979f67288ec9468aac8576,/pdf/pdf去水印手册
/article/97e254e5c2296488298b74c8901f90c9,/devops/限制单一IP地址的请求的处理速率
/article/98ba2b95281ffc065e5ad45086199308,/devops/nginx反向代理的特点
/article/98dffc82d2cc93505ee7c164770803b1,/database/全局锁
/article/aaf601aab080a9d214e6d5ca54710462,/pdf/2023年2月去水印成果
/article/ac8730d07cb520177f875793817c3f23,/pdf/如何去除扫描全能王水印
/article/b485646770c02d77ae5da9a28f300c0f,/frontend/图片
/article/b9ded7117151164c0d0a3372691a6d47,/backend/scrapy-spider-爬虫
/article/ba5d87d5f0f05c1d964dfa3768124947,/database/中分分词
/article/bc3b750e7311ad7ff61aa1049157da50,/devops/这里解释一下-阿里云RDS不允许外网访问-但是允许内网访问-那就可以走内网网关-127.0.0.1是不生效的-通过-dev@121.40.160.207-代理-这里是避
/article/bc899188667323a9ca9deb1806a4f583,/notes/保密协议
/article/bf832af5d5932c908cfd9a52bce85691,/pdf/微信小程序开通VIP-待删除
/article/c37d565d8df5d9c0d82f2b419d9f9da2,/pdf/如何去除pdf去水印-一招就可以去掉-百家号
/article/c7d7dc4a8b5affbe2a80045503013a8f,/backend/数据结构
/article/c9d810c99fab56a7505b27b5b148cf64,/devops/vboxsf-is-not-available
/article/c9dad5291967869fce850f3f4c921208,/devops/nginx视频直播-待删除
/article/cc72505cf7cbb0674253d8c7d39b3054,/database/mysql主从同步
/article/cdc92c8e3dae14af0ccaf2bd7098b759,/pdf/安装依赖
/article/d0c4ca38863c5d947e67abda734f9f2d,/database/mysql-工具
/article/d2de81a574c5be0cb8ac1c6b6417e3ca,/database/innodb-介绍
/article/d95b4536b417981318b934381b0a5f18,/architecture/zipkin-vs-jaeger
/article/e21ee662c1d7119f6e44e559910a4014,/frontend/item-转为checkbox-样式受checkbox样式影响
/article/e2af9c0b191037a8cb9b354226da3242,/backend/20200505-golang面试整理
/article/e63cf596827589a7330aa9cc46597961,/devops/linux统计命令
/article/eaae76d1d47082071d9bd25d721cb814,/database/最终一致性
/article/eb9656c05ef5b8224206044077b59807,/backend/如何区分变量是数组还是切片
/article/eed0607f1ea26f4f145063010748a5ce,/devops/ghostscript安装-待删除
/article/f010dc462bce3d0009fbcaf3241ad7f0,/database/20200427面试整理
/article/f019c2d5a60855b150c5e00fc479c3ec,/pdf/左上-右上-左下-右下-内容-可信度
/article/f09fbd48701e081aee7df87a96688177,/pdf/如何去除亿图图示pdf水印
/article/f2736b4c9d8b7002cf40e0374d7fbab3,/pdf/mac提示已损坏无法打开
/article/f46716e9f100c184924ca4680e032d84,/devops/vmstat
/article/f685120cbf69dcea51811a631020e535,/backend/go-拼接数组为字符串的几种方式
/article/f8b9036d54b15de84ecd1faa6a33077c,/devops/别名
/article/f9086a2432e36f011e7649c1a9e72f71,/pdf/20230208网站总结-待删除
/article/fa616a92d6a1e576801fb1431ad1261b,/database/redis延迟高问题解决思路
/article/fb4dc649e6371c680be9ede3db978878,/pdf/pdf加白边
/article/ffd30d5c23ecaa3deeb1185380953b91,/backend/go面试题-闭包函数与标准输出阻塞
